{"HFV": {"slope": 1.0191665031448958, "offset": 0.0003689655154572776}, "V_minitor": {"slope": 10.037156422920086, "offset": 0.253438312173523}, "HFV_int": {"slope": 0.5003962090463787, "offset": 0.1883412114404001}, "HF_full_bw": {"s0": {"slope": 0.0011399948585311054, "offset": -2.4745927375025508e-05}, "s1": {"slope": 0.0012767104161496808, "offset": -2.6566424812723237e-05}, "s2": {"slope": 0.0014307048804271878, "offset": -2.8366334256640395e-05}, "s3": {"slope": 0.0016087196950235036, "offset": -3.039824117550444e-05}, "s4": {"slope": 0.0018066109303085174, "offset": -3.226486404584689e-05}, "s5": {"slope": 0.0020255766161118884, "offset": -3.435774157006487e-05}, "s6": {"slope": 0.0022799291414126134, "offset": -4.0858634255232184e-05}, "s7": {"slope": 0.002551395547738073, "offset": -4.27018017870227e-05}, "s8": {"slope": 0.0028567300442064025, "offset": -4.5127910756465575e-05}, "s9": {"slope": 0.0032082151701923267, "offset": -4.7979614861399075e-05}, "s10": {"slope": 0.0035977245554093765, "offset": -5.11919800556842e-05}, "s11": {"slope": 0.004030087302818687, "offset": -5.4406475363387034e-05}, "s12": {"slope": 0.004533332381588149, "offset": -3.6855666187345176e-05}, "s13": {"slope": 0.0050750465184976465, "offset": -4.1679772662760574e-05}, "s14": {"slope": 0.0057034915609760406, "offset": -4.5709329061822006e-05}, "s15": {"slope": 0.006423214819610148, "offset": -5.029500949870537e-05}, "s16": {"slope": 0.007217221578644735, "offset": -5.6759533110513976e-05}, "s17": {"slope": 0.008088841224528378, "offset": -6.271495743622561e-05}, "s18": {"slope": 0.009120750364364223, "offset": -1.1491096497193722e-05}, "s19": {"slope": 0.010206056881048694, "offset": -2.026234772115615e-05}, "s20": {"slope": 0.011411833208722704, "offset": -2.8467594764507552e-05}, "s21": {"slope": 0.012828715527391557, "offset": -3.899013390784341e-05}, "s22": {"slope": 0.014402149606428381, "offset": -5.1760216790817536e-05}, "s23": {"slope": 0.016013416914414002, "offset": -6.571578278092468e-05}, "s24": {"slope": 0.018112214477187423, "offset": -0.00012680882124806173}, "s25": {"slope": 0.02029144247241035, "offset": -0.0001426221320230318}, "s26": {"slope": 0.02270258372458872, "offset": -0.0001625037394802915}, "s27": {"slope": 0.025770032181494096, "offset": -0.00018812883104952043}, "s28": {"slope": 0.028865366612559874, "offset": -0.0002088142891931973}, "s29": {"slope": 0.03200779830342185, "offset": -0.00022805347770028938}, "s30": {"slope": 0.036074869423489184, "offset": -0.0002521644104092745}, "s31": {"slope": 0.03981794505165799, "offset": -0.00027801084418189727}}, "HF_limited_bw": {"s0": {"slope": 0.0010149842023924553, "offset": -1.5046128692860165e-05}, "s1": {"slope": 0.002042870933483423, "offset": -1.7009200485162437e-05}, "s2": {"slope": 0.004055081723597357, "offset": -2.7230189548743443e-05}, "s3": {"slope": 0.007992413307090853, "offset": -5.015504096130763e-05}}, "HFI_int": {"s0": {"slope": 2.150986969532945e-05, "offset": 2.370660967890349e-06}, "s1": {"slope": 2.155639871924338e-05, "offset": 1.8461414093430256e-05}, "s2": {"slope": 2.1564609414050963e-05, "offset": 4.4114929926016424e-05}, "s3": {"slope": 2.1538290817494316e-05, "offset": 9.580262263256806e-05}}}