{"HFV": [0.9747481234589517, -0.012026047463425888], "Vmonitor_SMA": [0.09908027640706425, -0.02634738799598489], "Vmonitor_int": [0.9999582155104747, -0.00014626736111013154], "HFV_int": [1.987604614042102, -0.37439973322998193], "HF_FULL_BW": {"s0": [0.08701280725832833, 0.019438579988976256], "s1": [0.07776840592306014, 0.018637276254594295], "s2": [0.06929628905295643, 0.017768223976923323], "s3": [0.06171229538123684, 0.016803691577580212], "s4": [0.055012938282904635, 0.016468582467900346], "s5": [0.049031791199791425, 0.015550064543882983], "s6": [0.043383300437586876, 0.016066206308702626], "s7": [0.03885996570429951, 0.01586478741632564], "s8": [0.03473417836018153, 0.014100239405201527], "s9": [0.031032682204363563, 0.013508158218529472], "s10": [0.02763240888634477, 0.012574457253018987], "s11": [0.024490486423024083, 0.011948071627153285], "s12": [0.021815044155712743, 0.006411807404624069], "s13": [0.019602057597113334, 0.0063757773799200815], "s14": [0.017320517685122713, 0.006830261787399645], "s15": [0.015298700437797966, 0.006238174986922067], "s16": [0.01381415368148877, 0.006297209325970864], "s17": [0.012247341567236524, 0.007058587649630174], "s18": [0.0107453485420155, -0.00034552797054251337], "s19": [0.009770099120629195, 0.0009428227785974723], "s20": [0.0085860998897796, 0.0008594807004556026], "s21": [0.007680766717363357, 0.0018218372327585943], "s22": [0.0069191089101592685, 0.0018478817979080753], "s23": [0.006160873798558615, 0.0025992756256730163], "s24": [0.005601161096912816, 0.005266267883901791], "s25": [0.004837313199527063, 0.005711200465965602], "s26": [0.0044054848176534895, 0.005376958495212924], "s27": [0.003837903513547706, 0.005786730623286635], "s28": [0.003486915815180322, 0.005794978325462175], "s29": [0.0030082056355844227, 0.005527150330534718], "s30": [0.002712220793245486, 0.005922163516920088], "s31": [0.0025393813273743007, 0.005667792296864917]}, "HF_LIMITED_BW": {"s0": [0.098007134814676, 0.01278584522919514], "s1": [0.0486331669760748, 0.006667474491728651], "s2": [0.0245768009384539, 0.005156445213490045], "s3": [0.012390054693767121, 0.004438041528272951]}, "HFI_int": {"s0": [3.4473898695466922, -1.0307523628634176], "s1": [4.619039222417088, -0.8581473551622221], "s2": [4.610504164434771, -2.064813442867253], "s3": [4.624008254017388, -4.4954806691777085]}}