{"cal_Rload": 10000.0, "cal_date": "2020-11-10_093515", "HFV": {"Vprog": [0.968196020518812, -0.0068766911281272465], "HFV_INT": [0.4818986282664699, 0.16661022901552425], "V_MONITOR": [19.45239763919511, 0.26754403554670037]}, "HFI": {"HF_LIMITED_BW": [[0.000406726445688968, -4.4650322285665406e-06], [0.0008187383937006609, -5.988381636267429e-06], [0.0016252887197338408, -1.0225831989854206e-05], [0.003219721979798019, -1.948109604065549e-05]], "HF_FULL_BW": [[0.00042967986291332904, -6.808530442694307e-06], [0.0004813680885522393, -7.1742590162437e-06], [0.0005399077112069676, -7.689920730409394e-06], [0.0006068431006144494, -8.209224466663905e-06], [0.0006822923706488464, -9.018885067562512e-06], [0.0007643914697956938, -9.500343627903081e-06], [0.0008613555298227003, -1.121555169169559e-05], [0.0009639747154241889, -1.209702744074371e-05], [0.0010799952390246777, -1.3047453956248752e-05], [0.0012139763432159735, -1.3951282865207292e-05], [0.001360885091789528, -1.473495680662998e-05], [0.0015291569005824862, -1.593157554382044e-05], [0.0017212445622000066, -1.3020005423146328e-05], [0.0019291230794857505, -1.4011209070901405e-05], [0.002158356774265147, -1.515214073394888e-05], [0.0024240022650527113, -1.703489584307666e-05], [0.0027172437243939925, -1.8136923729556994e-05], [0.0030510690743872355, -2.0216061330054432e-05], [0.0034250693609733543, -1.0765772512779065e-05], [0.003832276940737624, -1.332179412991917e-05], [0.004307635286405718, -1.5808578643610243e-05], [0.004838350787537677, -1.8697124054517954e-05], [0.00541400276565362, -2.1392082356425036e-05], [0.006096630205610083, -2.5115428026197614e-05], [0.006897398989534839, -3.834675744704829e-05], [0.007699524552625945, -4.193302980804794e-05], [0.008632593977767123, -4.6865665823196144e-05], [0.00966311216894275, -5.329355622264111e-05], [0.01091225880811348, -5.969813135575267e-05], [0.012196287804336499, -6.746429581373178e-05], [0.013693865350697278, -7.477941833169452e-05], [0.015253018702082198, -8.243176411913038e-05]], "HFI_INT": [[4.268239554597956e-06, -1.2359391035690163e-07], [4.288781636456086e-06, 2.9704906498220082e-06], [4.312512392174396e-06, 8.24328926086424e-06], [4.313386677074525e-06, 1.8240851418214813e-05], [4.257714464310663e-06, -4.3678123861305206e-08], [4.286984059685503e-06, 3.040585759105436e-06], [4.3136345666661515e-06, 8.24188044626804e-06], [4.312656087045804e-06, 1.8316471030027925e-05], [4.2663648957144085e-06, -6.000055471322643e-08], [4.291509151682189e-06, 3.1669261591480383e-06], [4.312024476621321e-06, 8.357236440086075e-06], [4.312761014886636e-06, 1.8307628088162686e-05], [4.269991219950879e-06, -5.886985691533389e-08], [4.298302158671185e-06, 3.1513686233410386e-06], [4.314851141388362e-06, 8.438328447542097e-06], [4.312719294627828e-06, 1.8377492180629074e-05], [4.258635248871363e-06, -4.6584198689284025e-08], [4.293600996833611e-06, 3.020477127317296e-06], [4.312554295525363e-06, 8.311818509357865e-06], [4.312917925227786e-06, 1.8363937078431517e-05], [4.263562964076082e-06, -8.519316922894233e-08], [4.2948993341390825e-06, 3.0524824298567295e-06], [4.313706539235159e-06, 8.247005719564942e-06], [4.312910246163572e-06, 1.8458878763874092e-05], [4.261837292793528e-06, 1.5393948955487997e-07], [4.297875854795237e-06, 3.027056109267842e-06], [4.315042232869986e-06, 8.368184255212394e-06], [4.312968717212276e-06, 1.843622900171614e-05], [4.266455042082496e-06, 8.712133567869198e-08], [4.290218770113663e-06, 2.9492981257359316e-06], [4.314946925834584e-06, 8.186162852508448e-06], [4.314849226493534e-06, 1.8217140457629277e-05]]}}