{"cal_date": "2021-02-17_134618",
  "cal_Rload": 2000,
  "HFV": [1.0403461874524824, 0.004647271545984866],
  "V_MONITOR": [20.180627683039095, 0.5169047521470143],
  "HFV_INT": [0.5008650548151425, 0.17868189402616513],
  "HF_LIMITED_BW": [[0.002135901270693779, -9.019909967759565e-06], [0.004263135454077548, -1.1265395931278733e-05], [0.00845127808079453, -1.7275114302507173e-05], [0.0167600431607076, -1.164680574672937e-05]],
  "HFI_INT": [[2.22527020243891e-05, 3.0846156107006328e-06], [2.2270681714928183e-05, 2.065442187497214e-05], [2.2431631166688605e-05, 4.7792551438111624e-05], [2.251879254551047e-05, 0.00010348468752939317]],
  "HF_FULL_BW": [[0.002230087264034313, -8.014633860164927e-05], [0.002498758038550874, -8.588855738291488e-05], [0.0028060166114069435, -9.882148475652417e-05], [0.0031589747904430736, -0.0001057411091900295], [0.0035462281790072663, -0.00011756232538639386], [0.003984327151546991, -0.00013007169842160318], [0.004474481496650226, -0.00014672384155768245], [0.005015251263276307, -0.00016327624918187502], [0.00562527815529633, -0.00017972946080110975], [0.0063240412698009904, -0.00019800028299790437], [0.007092690244045839, -0.00021938756519455945], [0.007926144003437004, -0.00023827202524948407], [0.008969375900198175, -0.00024488502238862315], [0.010015286834083922, -0.00026597029670330627], [0.011261231547890639, -0.0002936429858254142], [0.012622454944717549, -0.00033198606975904716], [0.014273101776681197, -0.0003783343817557432], [0.015956377176762453, -0.000404483611538687], [0.017903826434201225, -0.00040036062867413163], [0.01996633777072607, -0.00044784233252823043], [0.022555730406616074, -0.0005121047471894433], [0.025129624791905187, -0.0005559940499482648], [0.028275449886049173, -0.0006409963177681613], [0.03164775725731006, -0.0007270053513895691], [0.03568958713980489, -0.0008691606874381189], [0.03993676569950647, -0.000963581300174372], [0.044750081575446604, -0.0010859014539325996], [0.05005506435010071, -0.0012411065689125118], [0.057035649482845785, -0.0014355731909974153], [0.06295291756594908, -0.001574740995403514], [0.0708353757645213, -0.001762683427727898], [0.07896173848134191, -0.0019481089582350044]]
}